{"cameraMode":{"drawMode":0,"name":"Shaded","section":"Shading Mode"},"sceneLighting":true,"audioPlay":false,"sceneViewState":{"m_AlwaysRefresh":false,"showFog":true,"showSkybox":true,"showFlares":true,"showImageEffects":true,"showParticleSystems":true,"showVisualEffectGraphs":true,"m_FxEnabled":true},"in2DMode":false,"pivot":{"x":1.378306269645691,"y":-9.763668060302735,"z":46.55614471435547},"rotation":{"x":-0.11852946877479553,"y":-0.003875216469168663,"z":0.0004626621666830033,"w":-0.9929430484771729},"size":27.947246551513673,"orthographic":false}